Issue,Number,Size,Time
20260923100011243,2,Small,2026-09-24 02:52:36
20260923100011244,6,Big,2026-09-24 02:52:36
20260923100011245,6,Big,2026-09-24 02:52:36
20260923100011246,1,Small,2026-09-24 02:52:36
20260923100011247,4,Small,2026-09-24 02:52:36
20260923100011248,2,Small,2026-09-24 02:52:36
20260923100011249,3,Small,2026-09-24 02:52:36
20260923100011250,2,Small,2026-09-24 02:52:36
20260923100011251,4,Small,2026-09-24 02:52:36
20260923100011252,9,Big,2026-09-24 02:52:36
20260923100011253,5,Big,2026-09-24 02:52:53
